Statistic,Inside,Outside
Mean,2.7634833333333333,2.108092222222222
Standard Deviation,0.08864017940242666,0.11152362598261234
Count,90.0,90.0
